;Names;FA;FA StdDev;MD;MD StdDev;RD;RD StdDev;AD;AD StdDev;Time
0;Subject_214726;0.6538556382060069;0.17767244427507967;0.0008345425898731516;0.0002988483359699825;0.00048155402517414606;0.0003580943722527155;0.0015405197192711628;0.0002514799795375694;30.8
